{
   "particles":
   {
      "Sun":
      {
         "x": 0,
         "y": 0,
         "u": 0,
         "v": 0,
         "m": 1990000000000000000000000000000,
         "lifetime": 100000,
         "color": "orangered"
      },
      "Mercury":
      {
         "x": 58000000000.0,
         "y": 0,
         "u": 0,
         "v": 48000,
         "m": 3.3e+23,
         "lifetime": 100000,
         "color": "grey"
      },
      "Venus":
      {
         "x": 108000000000.0,
         "y": 0,
         "u": 0,
         "v": 35000,
         "m": 4.87e+24,
         "lifetime": 100000,
         "color": "silver"
      },
      "Earth":
      {
         "x": 150000000000.0,
         "y": 0,
         "u": 0,
         "v": 30000,
         "m": 5.98e+24,
         "lifetime": 100000,
         "color": "green"
      },
      "Mars":
      {
         "x": 228000000000.0,
         "y": 0,
         "u": 0,
         "v": 24000,
         "m": 6.42e+23,
         "lifetime": 100000,
         "color": "orange"
      },
      "Jupiter":
      {
         "x": 778000000000.0,
         "y": 0,
         "u": 0,
         "v": 13000,
         "m": 1.8999999999999998e+27,
         "lifetime": 100000,
         "color": "sienna"
      },
      "Saturn":
      {
         "x": 1427000000000.0,
         "y": 0,
         "u": 0,
         "v": 9600,
         "m": 5.69e+26,
         "lifetime": 100000,
         "color": "wheat"
      },
      "Uranus":
      {
         "x": 2870000000000.0,
         "y": 0,
         "u": 0,
         "v": 6800,
         "m": 8.68e+25,
         "lifetime": 100000,
         "color": "turquoise"
      },
      "Neptune":
      {
         "x": 4497000000000.0,
         "y": 0,
         "u": 0,
         "v": 5400,
         "m": 1.0199999999999999e+26,
         "lifetime": 100000,
         "color": "blue"
      }
   }
}
